Artist debbie drake,http://www.debbiedrakestudio.com
,
Artist Rae Lynn Dodson,http://www.raelynndodson.com
Artist Tim Driver,http://www.timdriver.com
Artist Joyce Donaldson,http://imcre8iv.fineartstudioonline.com
Artist Dean Taylor Drewyer,http://www.deantaylordrewyer.com
Artist Mary Dorrell,http://www.marydorrell.com
Artist Denise Douglas,http://drddouglas01.fineartstudioonline.com
Artist Jan Dorian,http://www.jandorian.com
Artist Betty Dorotik,http://www.bettydorotik.com
Artist Randine Dodson,http://www.randinedodson.com
Artist John Philbin Dolan,http://www.philbininc.com
Artist Walker Dorman,http://www.walkermorganart.com
Artist christina dowdy,http://www.christinadowdy.com
Artist Judith Doxey,http://www.judithdoxey.com
Artist Marie Donze,http://www.mariedonze.com
Artist Marz Doerflinger,http://www.marzdoerflinger.com
Artist Riley Doyle,http://www.rileydoyleart.com
Artist Carole Dowling,http://www.caroledowlingstudio.com
Artist Peter Driscoll,http://www.watermarkproducts.com
Artist Frances Dodd,http://www.francesdoddfineart.com
Artist Annie Dover,http://www.anniedover.com
Artist dennis doyle,http://www.ddoylepaints.com
Artist Anne Drillick,http://www.savitridrillick.com
Artist Marjorie Dodrill,http://www.marjoriedodrill.com
Artist Denny Dowdy,http://dennydowdy.com
Artist Anneliese Drbal,http://www.anneliesedrbal.com
Artist Candace Doub,http://www.candacedoubfineart.com
Artist Karen Doyle,http://www.karendoylefineart.com
Artist Kathleen Dooling,http://www.kathleendooling.com
Artist Linda Dobkin,http://www.lindadobkin.com
Artist Jan Donadio,http://jdonadio.faso.com
Artist Patricia Donahue,http://www.patriciadonahuefineart.com
Artist Johnni Dowhower,http://www.johnnidowhower4art.com
Artist  Marcela Dorantes,http://www.marceladorantesfineartstudio.com
Artist Mardie Driftmier,http://www.riverviewfineart.com
Artist Constance A. Dodge,http://constanceadodge.com
Artist Janice Druian,http://www.druianstudios.com
Artist Matt Dollahite,http://mattdollahitefineart.com
Artist Margaret Drake,http://www.margaretdrakestudio.com
Artist Susan Drennan,http://www.susandrennanart.com
Artist Neil Driscoll,http://www.neildriscollart.com
Artist Sam D'Ambruoso,http://www.samdambruoso.com
Artist Katie Dowling,http://www.katiedowling.com
Artist Dodie D'Oench,http://www.dodiedoench.com
Artist Fonda Doerre,http://www.fondadoerre.com
Artist MB Dollar,http://www.mbdollarfineart.com
Artist VENKATESH DORNAL,http://vdornal.fineartstudioonline.com
Artist Dawn Drayton,http://www.dawndrayton.com
Artist Robert Douglass,http://www.douglassarts.com
Artist Amy Dolan,http://www.amydolanfineart.com
Artist James Draughon,http://www.jadraughonart.com
Artist Marnie Donaldson,http://www.marniedonaldson.com
Artist Alice Dobbin,http://www.alicedobbin.com
Artist Helen Drummond,http://www.hdrummond.com
Artist Daniel Driggs,http://www.danieldriggs.com
Artist Kaytee Dodge,http://www.kayteedodge.com
Artist Moira Donohoe,http://moiradonohoe.com
Artist Mary Jo Roys Drueke,http://mdrueke.fineartstudioonline.com
Artist Judy Drummond,http://www.drummondjudy.com
Artist BJ Dollahite,http://www.bjdollahite.com
Artist Becky Drager,http://www.dragerstudios.com
Artist Traci Douglass,http://www.tracidouglass.com
Artist Verna D'Alto,http://www.daltoart.com
Artist Patricia Domanski,http://www.patriciadomanski.com
Artist Addren Doss,http://www.addrendoss.com
Artist Tina Druce-Hoffman,http://tinadh.fineartstudioonline.com
Artist Werner Drewes,http://www.drewesfineart.com
Artist Susan R. Dolan,http://www.susanrdolanfineart.com
Artist Tina Dorff,http://tinadorff.fineartstudioonline.com
Artist John Dougan,http://www.jjdougan.com
Artist Sue Donaldson,http://www.suedonaldson.com
Artist Ellen Dreibelbis,http://faso.com/artists/ellendreibelbis.html
Artist Suzanne K D'Arcy,http://www.suzannekdarcyfineart.com/
Artist Boz Droca,http://www.bozdroca.com
Artist Pamela Druhen,http://www.pameladruhen.com
Artist marin dobson,http://www.marindobsonpaintings.com
Artist Mary Lou Doyle,http://mdoyle.fineartstudioonline.com
Artist Sharon Doyle,http://www.sharondoylefineart.com
Artist Stephen Dobson,http://www.stephendobson.com
Artist Astrid Dolan,http://www.astriddolan.com
Artist Allison Doke,http://adoke.fineartstudioonline.com
Artist Brie Dodson,http://briedodsonfineart.com
Artist Mary Dove,http://www.marydovefineart.com
Artist Debbie Dowdle,http://www.debbiedowdle.com
Artist Valmar Domingues,http://vdomingues.fineartstudioonline.com
Artist Ramona Dooley,http://PAINTINGSWITHAHEARTBEAT.COM
Artist Sheri Doyon,http://sdoyon.fineartstudioonline.com
Artist Sandy Donn,http://www.sandydonnportraits.com
Artist Jeremy Doss,http://www.jeremydossart.com
Artist barbara donahue,http://www.barbaradonahue.com
Artist Rose Dobbins,http://www.rosedobbins.com
Artist James Dolan,http://www.thedolangallery.com
Artist Dave Dodge,http://www.davedodge.com
Artist Teresa Dominici,http://www.dominicistudios.com
Artist Becca Drach,http://www.beccasfineart.com
Artist ERNIE DOLLMAN,http://www.erniedollman.com
Artist Suzanne Doucette Stebila,http://stebilastudios.com/
Artist Sara Jane Doberstein,http://www.sarajanedoberstein.com
Artist Jim Dowling,http://www.dowlingjim.com
Artist Tracy Dominguez,http://www.tracydominguez.com
Artist Floyd Drown,http://www.floyddrownwesternartist.com
Artist Pat Doherty,http://PatDohertyart.com
Artist Joan Drennan,http://joandrennanfineart.com
Artist kathleen domenicucci,http://artist15318.fineartstudioonline.com
Artist Liz Donald,http://www.lizdonald.com
Artist Mary Clare Doyle,http://www.maryclaredoyle.com
Artist Steve Doherty,http://www.stevedohertyart.com
Artist Verlinde Doubleday,http://www.verlindedoubledayart.com
Artist Sandra Dodson,http://www.dodsonstudios.com
Artist John Dobson,http://www.oneartbyjohndobson.com
Artist Bill Dompke,http://dompkeb.fineartstudioonline.com
Artist Brock Drenth,http://www.brockdrenthart.com
Artist F Michael Dorsey,http://fmdorseyart.fineartstudioonline.com
Artist Olivia Doescher,http://www.oliviadoescher.com
Artist Pat Doig,http://www.patdoig.com
Artist Jennifer Drummond Ferris,http://www.JenniferFerrisArt.com
Artist Carol Drummond,http://www.caroldrummond.com
Artist Sudy Dressler,http://www.sudydressler.com
Artist David Drain,http://www.daviddrain.art
Artist Christine Drewyer,http://www.christinedrewyer.com
Artist Christine D'Addario,http://www.christinedaddario.com
Artist Carole Belliveau,http://www.carolebelliveau.com/
Artist Linda Blondheim,http://www.lindablondheimlandscapeart.com
Artist Lawrence  E Childress,http://LChildressART.com
Artist Helen Benet,http://www.helencurrybenet.com
Artist Bobbie Berg,http://www.bobbieberg.com
Artist Jan Black,http://Jan Black Fine Art
Artist Alice Cho,http://alicechoart.fineartstudioonline.com
Artist Barry W Clanton,http://www.barrywclanton.com
Artist Johnnie Boswell,http://www.johnnieboswell.com
Artist Paola Fiorelle Berthoin,http://www.paolafiorelleberthoin.com
Artist Jane Crabtree,http://janecrabtreeart.com/
Artist Hiu Lai Chong,http://www.hiulaichong.com
Artist Betty Carr,http://www.bettycarrfineart.com
Artist Stede Barber,http://www.stedebarber.com
Artist Catherine Bast,http://www.catherinebast.com
Artist Catherine Blair,http://www.catherineblair.net
Artist Larisa Brechun,http://www.larisabrechunart.com
Artist donna arndt,http://darndt.fineartstudioonline.com
Artist Lynda Conley,http://www.lyndaconley.com
Artist Corrine Bongiovanni,http://www.corrinebongiovanni.com
Artist Geoffrey Barbey,http://www.barbeyart.com
Artist Blair Atherholt,http://www.blairatherholtart.com
Artist Marcus Brewer,http://marcus.fineartstudioonline.com
Artist Louis Carr,http://lcarr.fineartstudioonline.com
Artist James Christopher,http://www.artbyjimchristopher.com
Artist Jessica Callihan,http://www.jessicacallihan.com
Artist The Blackburn Gallery,http://www.blackburngallery.com
Artist Shirley Cleary,http://www.shirleycleary.com
Artist Joanne Bornong,http://joannebornong.com
Artist Sarah J Cecil,http://www.sarahjcecil.com
Artist MS ArtistsGuild,http://www.msartistsguild.org
Artist Suhaib Albarzinji,http://www.barzinji.com
Artist Linda Carr,http://Linda Carr Fine Art
Artist Lana Ballot,http://www.lanaballot.com
Artist Fran Black,http://ethnicimpressions.fineartstudioonline.com
Artist Rochelle Buss Szews,http://rbussszews.fineartstudioonline.com
Artist Barbara Barrett,http://www.barbarabarrettfineart.com
Artist Jacqueline Bellows,http://www.JacquelineBellows.com
Artist Marla Brenner,http://www.marlabrenner.com
Artist Donna Arata,http://www.donnagrahamartist.com
Artist Echo Chien,http://www.echochien.com
Artist Alec Creighton,http://www.aleccreighton.com
Artist Betty Allen,http://www.bettyallen.com
Artist Anna Balentine,http://www.annabalentine.com
Artist Anne Calhoun,http://tully.fineartstudioonline.com
Artist Penni Barger,http://www.pennibarger.com
Artist Carol Amos,http://www.carolamos.com
Artist Barbara Bailey-Porter,http://www.baileyporter.com
Artist Vickie Chew,http://www.vickart.com
Artist Barbara Bear Jamison,http://www.barbarabearjamison.com
Artist Roger Archibald,http://www.westernpencilart.com
Artist julie bender,http://JULIEBENDER.COM
Artist Charlene Brown,http://charlenembrown.com
Artist linda bartlett,http://www.lindabartlett.website
Artist Judy Ballance,http://www.judyballance.com
Artist Kent Burress,http://www.kentburress.com
Artist Bette Coningsby,http://betteconingsby.fineartstudioonline.com
Artist Vivien Archer,http://VivienArcherFineArt.com
Artist Judi Beauford,http://www.judibeauford.com
Artist Mark Braverman,http://mbraverman.fineartstudioonline.com
Artist Tina Corbett,http://www.tinacorbett.com
Artist Sandra Carpenter,http://www.sandracarpenterart.com
Artist Denise Antaya,http://www.deniseantaya.com
Artist Trish BECKHAM,http://www.trishbeckham.com
Artist Kathy Collins,http://www.kathycollinsart.com
Artist Sally Babylon,http://www.sallybabylon.com
Artist Ted Asnis,http://www.tedasnis.com
Artist Tricia Bass,http://www.triciabass.com
Artist barbara benedict,http://www.barbarabenedictart.com
Artist Venture Coy,http://venturecoyfineart.com
Artist Bill Brown,http://www.studiosculpture.com
Artist John Beauduy,http://www.johnbeauduy.com
Artist Pati Bruce,http://www.patibruce.com
Artist Victor Cross sr,http://vcrosssr.fineartstudioonline.com
Artist Mary Ambrose,http://www.maryambrose1.com
Artist Joyce Attebery-Lewis,http://www.joyceattebery-lewis.com
Artist Carol Bower,http://www.carolbower.com
Artist Gail Beem,http://www.gailbeem.com
Artist Regina Burchett,http://reginaburchett.com
Artist Karen Alley,http://www.KarenAlleyArt.com
Artist Liz Blum,http://www.lizblum.com
Artist Casey Cheuvront,http://cheuvrontart.com
Artist Virginia Cole,http://vcolefineart.com
Artist Yachiyo Beck,http://www.yachiyofineart.com
Artist Michael Craig,http://www.mcraigart.com
Artist Emily Bradbury Whalen,http://www.emilybradburywhalen.com
Artist Ken Brodeen,http://www.kenbrodeen.com
Artist Donna J Clark,http://www.donnajclark.com
Artist Jody Crow,http://Jodycrow.com
Artist Jean Crow,http://www.jeancrow.com
Artist Nancy Bass,http://Www.nancybassartist.com
Artist Bud Bullivant,http://www.budbullivant.com
Artist Greg Chamberlin,http://www.gregchamberlin.com
Artist Carolyn Currie,http://www.carolyncurrieartist.com
Artist Krista Beckett,http://www.kristabeckett.com
Artist Janice Bartke Thompson,http://www.bartkeart.com
Artist Mariah Clearwater,http://mariahclearwater.fineartstudioonline.com
Artist Linda L. Anderson,http://www.lindalandersonfineart.com
Artist Carole Buschmann,http://www.cbuschmannart.com
Artist Samuel Close,http://www.samuelclose.com
Artist karen Chandler,http://karenchandlerfineart.com
Artist Ron Adair,http://www.ronadairart.com
Artist Richard Abraham,http://www.richardabraham.com
Artist Jose-Gabriel Acuna,http://www.gabrielacuna.net
Artist Liz Abeyta,http://www.lizabeyta.com
Artist James Adcock,http://www.adcockstudio.com
Artist Daniel Adams,http://artistdaniel.fineartstudioonline.com
Artist scott addy,http://www.franklinscottart.com
Artist Genevieve Abate,http://genabate333.fineartstudioonline.com
Artist Carole Abla,http://Caroleabla.com
Artist Depy Adams,http://www.depyadams.com
Artist Lissa Abrams,http://www.lissaabramsart.com
Artist Adam Adkison,http://adamadkison.com
Artist wayne adachi,http://www.wayneadachioilpaintings.com
Artist Kim Abbati,http://www.kimabbatiart.com
Artist Judy Adamick,http://www.judyadamickfineart.com
Artist Jane Adams,http://www.janeadamsart.com
Artist Marne Adler,http://www.marneadlerfineart.com
Artist Jason Abbott,http://www.jasonabbott.com
Artist Carol Abram,http://www.carolabram.com
Artist patricia abramovich,http://en.artscad.com/@/AbramovichPatricia
Artist Ashley Addison,http://www.ashleyaddison.com
Artist Chris Adessa,http://ChrisAdessa.com
Artist Rosemarie Adcock,http://www.RosemarieAdcock.com
Artist Cynthia and Steve Adams,http://casaartstudio.com
Artist Milo Abadilla,http://www.artsinmoncucco.com
Artist Peggy Adams,http://www.peggyadamsfineart.com
Artist Elisabeth Abel,http://www.elisabethabelglass.com
Artist Simon Addyman,http://saddyman.fineartstudioonline.com
Artist Steve Achs,http://steveachs.fineartstudioonline.com
Artist Dev Account,http://dev1.fineartstudioonline.com
Artist Cynthia L Ablicki,http://www.cynthialablicki.com
Artist Sue deLearie Adair,http://suedelearieadair.com
Artist Teri Adams,http://www.teriadamsfineart.com
Artist Lynn Abbott,http://www.lynnabbottstudios.com
Artist Teresa Adaszynska,http://www.adaszynskafineart.com
Artist Kristin Acu√±a,http://www.kristinacuna.com
Artist Linda Abbott,http://www.lindaabbottart.com
Artist Garry Abel,http://www.garryabelfinearts.com
Artist marie ackers,http://www.marieackers.co.uk
Artist Beverly Adams,http://www.beverlyadamsfineart.com
Artist Susan Adams,http://www.susanadamsfineartcr.com
Artist Stephen Adcock,http://www.stephenadcock.com
Artist Anara Abzhanova,http://www.anara.com
Artist Michael J Adams,http://mjadams.fineartstudioonline.com
Artist Eileen Adams,http://www.equineaffinityart.com
Artist Mark Edward Adams,http://www.markedwardadams.com
Artist Susan Aamot,http://www.susanaamot.com
Artist Dee Abbate,http://deezart.fineartstudioonline.com
Artist Trisha Adams,http://www.trishaadams.com
Artist jack adams,http://www.jackedsonadams.info
Artist Kim Abernethy,http://www.kimabernethy.com
Artist Martine Aceves-Foster,http://www.martineaf.com
Artist  Adelante,http://www.adelanteartgallery.com
Artist Bradley Actis,http://www.bradleyactis.com
Artist Coppini Academy,http://www.thecoppini.org
Artist Barbara Able,http://www.barbaraable.com
Artist  Art for Art,http://artforart.fineartstudioonline.com
Artist Poppy Balser,http://poppybalser.com
Artist Julie Atchley,http://Julie Atchley Finw Art
Artist Kathy Baiamonte,http://www.kathybaiamontepaintings.com
Artist Pamela Beer,http://pamelakbeer.com/
Artist Leigh Avery,http://www.leighaveryart.com
Artist Barbara Aras,http://www.barbaraaras.com
Artist Flora Baumann,http://www.florabaumann.com/
Artist Barbara Berger,http://www.barbaramberger.com
Artist Madge Bayston,http://www.madgebayston.com
Artist Mary Austin,http://marywelchaustin.fineartstudioonline.com/
Artist victor Bartkevich,http://vbartkevich.fineartstudioonline.com
Artist MaryAnne Ardito,http://mabmfcc.fineartstudioonline.com
Artist Canine Art,http://www.yvonnesovereign.com
Artist LD Fine Arts,http://www.ldfinearts.com
Artist Holly Hunter Berry,http://www.hollyhunterberry.com
Artist Cynthia Belecz,http://www.theabelecz.com
Artist FASO Daily Art Show,http://dailyartshow.fineartstudioonline.com
Artist Richard Bancroft,http://Richbancroft.com
Artist Marjie Bassler,http://marjiebassler.com/
Artist Kee Bahe,http://www.kbahe.com
Artist Linwood Berry,http://www.linwoodberry.com
Artist John Ball,http://www.johnballfineart.com
Artist Dan Beck,http://www.danbeckart.com/
Artist Misty Beauchamp,http://mistybeauchamp.com
Artist Barbara Bartels,http://www.barbarabartels.net
Artist Carmel Art Tours,http://www.carmelarttours.com
Artist Graham Berry,http://grahamberrystudio.com
Artist Douglas Barron,http://dbarron.fineartstudioonline.com
Artist Brushstrokes Artists,http://www.brushstrokesaworkingartistsstudio.com
Artist william bernhardt,http://STAINEDGLASSBYBERNHARDT.COM
Artist Terry Barnes,http://https://terrybarnesartist.com/
Artist Tracy Avant,http://tracyavant.com
Artist Sutton Betti,http://www.sbetti.com
Artist gabriele baber,http://GabrieleBaberArt.com
Artist Perry Austin,http://PerryAustinFineArt.com
Artist Indy Behrendt,http://www.indybehrendt.com
Artist Krysten Bailey,http://www.krystenbailey.com
Artist Leea Arnold,http://www.leeaarnold.com
Artist Rupam Barthakur,http://rupambarthakur.com
Artist Kathy Bates,http://kathybatesfineart.com
Artist Meike Aton,http://maton.fineartstudioonline.com
Artist Bobbie Belvel,http://www.BobbieBelvel.com
Artist kathleen beausoleil,http://www.kathleenbeausoleil.com
Artist Drew Bandish,http://www.drewbandish.com
Artist Daniel Bayless,http://www.danielbayless.com
Artist Suszanne Bernat Droney,http://www.suszannebernatdroney.com
Artist Cher Bettencourt,http://www.cherbettencourtfineartist.com
Artist Devonshire Beta,http://devonshire.fineartstudioonline.com
Artist allan baker,http://allanb.fineartstudioonline.com
Artist Marianne Au,http://marianneau.fineartstudioonline.com
Artist Mary Aslin,http://www.maryaslin.com
Artist David Ray Benner,http://dbenner.fineartstudioonline.com
Artist Claudette Bell,http://www.claudettebell.com
Artist  Art by Bali,http://www.artbybali.com
Artist Lily BEard,http://www.lilybeardfineart.com
Artist Mary Bechtol,http://www.marybechtol.com
Artist David Bechtol,http://www.davidtbechtol.com
Artist Janie Ball,http://www.janieballpaints.com
Artist Carolyn R. Beever,http://www.artbyccrb.com
Artist Peg Ashman,http://pashman.fineartstudioonline.com
Artist Sheila Beecham,http://www.sheilabeecham.com
Artist Phyllis Bachand,http://www.phyllisbachand.com
Artist  Artisan Gallery at Misson Viejo Country Club,http://www.artisangalleryatmvcc.com/
Artist Jennifer Bellinger,http://www.jenniferbellingerfineart.com
Artist Mary Ashley,http://maryashleyartist.com
Artist Charles Ball,http://www.charlesfennerball.com
Artist John Bardwell,http://www.johnbardwell.com
Artist Roxanna Bergner,http://www.roxannabergnerart.com
Artist Joyce Ash,http://JBLUCHINA.COM
Artist Ernie Baber,http://www.erniebaber.com
Artist Diana Austin,http://djaustin.fineartstudioonline.com
Artist Crown Artists,http://crownartists.fineartstudioonline.com
Artist Kay Baker,http://www.kbakerstudio.com
Artist  BayWood Artists,http://www.baywoodartists.org
Artist Pamela Berger,http://pamb7.fineartstudioonline.com
Artist Les Appelt,http://lespaintery.fineartstudioonline.com
Artist Carol Bailey,http://www.carolbaileyfineart.com
Artist Harley Bartlett,http://www.bartlettfineart.com
Artist Nancy Marie Barnes,http://nbarnes.fineartstudioonline.com
Artist Laura Barrett,http://www.laurabarrettart.com
Artist Pamela J. Ayres,http://www.payresart.com
Artist  Art of the Rockies Gallery,http://www.artoftherockies.com
Artist Robert L. Bates,http://robertlbates.fineartstudioonline.com
Artist Shirley Bell,http://www.shirleybellstudio.com
Artist Alexandrine Bartlett,http://www.alexandrine.com
Artist Robert Arnett,http://robertarnettfineart.com/
Artist Karen Baillie,http://kbaillie.fineartstudioonline.com
Artist Scott Baxter,http://www.scottbaxterfineart.com
Artist Julie Asher Lee,http://www.julieasherlee.com
Artist Sandra Baggette,http://www.sandrabaggette.com
Artist brandon behrens,http://www.behrenssculpture.com
Artist Robert Barker,http://www.robertbarkerfineart.com
Artist Dianne Bernstein,http://www.thewomansart.com
Artist Laurie Asahara,http://www.laurieasahara.com
Artist Henry Arthur,http://www.henryarthurjens.com
Artist Frances Ashley,http://www.francesashley.com
Artist Echo Baker,http://www.echofineart.com
Artist Holly Bean,http://hollybean.com
Artist Scott Bevan,http://www.scottbevanfineart.com
Artist Gallery Art on Spring,http://artonspring.fineartstudioonline.com
Artist Helen Avalon,http://www.helenavalon.com
Artist Lane Bennion,http://lanebennion.com/
Artist Laura Barrow,http://www.laurabarrow.com
Artist Mary Beth Bellon,http://www.marybethbellon.com
Artist Sharon Attaway,http://www.sharonattaway.com
Artist Todd Baxter,http://toddbaxter.fineartstudioonline.com
Artist Dominic Avant,http://dominicavant.com
Artist Maureen Bader,http://maureenbader.com
Artist Carolyn Bent,http://www.carolynbent.com
Artist The Bangor Art Society,http://www.thebangorartsociety.com
Artist Steve Atkinson,http://www.steveatkinsonstudio.com/
Artist Linda Apriletti,http://www.lindaapriletti.com
Artist Cheri Baillargeon,http://www.cheribaillargeon.com
Artist wvfine artisans,http://www.wvfineartisans.com
Artist Garin Baker,http://garinbaker.fineartstudioonline.com
Artist Lu Bentley,http://www.lubentley.com
Artist thomas archer,http://www.texarcher.com
Artist Georgianne Arnot,http://georgiannearnot.com
Artist Anne Bell,http://www.annebbell.com
Artist Peg Belcastro,http://www.pegbelcastro.com
Artist Anne Bevan,http://www.annebevan.com
Artist Mike Beeman,http://mikebeeman.com
Artist Paul Bachem,http://paulbachem.com/
Artist Pat Baker,http://www.plbaker.net
Artist Kathleen Bennett,http://www.kgracefineart.com
Artist Fayez Barakat,http://fayezbarakatpaintings.fineartstudioonline.com
Artist Christopher Bekins,http://www.ChristopherBekins.com
Artist Evelyn Gottschall Baker,http://www.glassfractions.com
Artist Deborah Bacon,http://www.deborahbaconart.com
Artist Mary-Linn Benning,http://marylinnbenning.fineartstudioonline.com
Artist Rima Bartkiene,http://rimamazal.faso.com
Artist Helen K. Beacham,http://www.helenkbeacham.com
Artist Larisa Aukon,http://aukonlarisa.com
Artist Rocky Bettis,http://www.rockybettisart.com
Artist Houston Civic Arts Assn.,http://www.houstoncivicarts.org
Artist Jane Basile,http://www.janebasile.com
Artist Janice Bell,http://jbell.fineartstudioonline.com
Artist Joe Ballard,http://www.joeballard.com
Artist Carol Arnold,http://carolarnoldfineart.com/
Artist Lynn Bertrand,http://www.bertrandfineart.com
Artist Linda Austin,http://www.lindajaustin.com
Artist Barbara Armstrong,http://www.armstrongsbdarts.com
Artist  Betker,http://www.betkerart.com
Artist Studio 604 Art Studio and Gallery,http://www.studio604.ca
Artist Michelle Augustyniak,http://www.michelleaugustyniakfineart.com
Artist Walt Barker,http://www.waltbarker.com
Artist Martin Arnold,http://www.mypntgs.com
Artist Shirley Bales,http://www.shirleybalesstudio.com
Artist Sally Balick,http://www.sallybalick.com
Artist Ewa Banas,http://www.ewabanasfineart.com
Artist Jessica Armstrong,http://www.jessicaarmstrongfineart.com
Artist Adirondack Artists Guild,http://adirondackartiststguild.com
Artist Mike Bagdonas,http://www.mikebagdonas.com
Artist Judith Berlinger,http://judithberlinger.com
Artist Jim Barker,http://jimbarkerart.com/
Artist Fred Bender,http://www.fredbenderabstractart.com
Artist Teresa Benjamin,http://www.teresabenjaminart.com
Artist Coizie Bettinger,http://coiziebettinger.com/
Artist Lisa Baurmeister,http://Lisa Baurmeister Fine Art
Artist Brian Blood,http://BrianBlood.com
Artist Eric Brown,http://www.ericbrownfinearts.com
Artist Diann Cardello,http://www.dianncardello.com
Artist Rica Carlos,http://www.ricacarlos.com
Artist Alex Carr,http://www.alexcarr.com
Artist Ruthie Briggs-Greenberg,http://ArtQuestStudios.com
Artist Sally Bookman,http://www.sallybookmanart.com
Artist Derek Cameron,http://www.artderek.com
Artist Janet Burgess,http://www.janetburgess.com
Artist Candace Brancik,http://candacebrancik.fineartstudioonline.com
Artist J. Calhoun,http://www.jcalhoun.com
Artist Jim Burns,http://jimburns.fineartstudioonline.com
Artist PATRICIA BOHANNON,http://www.patriciabohannon.com
Artist Ryan Brown,http://www.ryanbrownirygallery.com
Artist Susan Brandsema,http://www.brandsemafineart.com
Artist Susan Burke,http://WWW.ARTBYZSUZSA.COM
Artist Joanna Burch,http://www.joannaburch.com
Artist Toni Cameron,http://nadyana.fineartstudioonline.com
Artist George Callison,http://www.georgecallison.com
Artist Mark Brockman,http://www.markbrockman.com
Artist Bobbie Brainerd,http://www.bobbiebrainerd.com
Artist Judith Cameron,http://judithcameronfineart.com/
Artist Lillian Bleuze-Nelson,http://www.lillianbleuze-nelson.com
Artist Gwen Bullock,http://https://gwenbullockfineart.com
Artist Jamma Burgar,http://www.jammaburgar.com
Artist Katie Burke,http://www.kburkestudio.com
Artist Karen Bloomfield,http://www.karenbloomfieldart.com
Artist ANNE CARTER,http://anniemc.fineartstudioonline.com
Artist paul bryans,http://www.BryansFineArt.com
Artist Suzanne Burnell,http://www.suzanneburnell.com
Artist Christina Body,http://www.christinabody.com
Artist Gwen Bruner,http://www.gwenbruner.com
Artist Iris Brown,http://iris-brown.com
Artist Michael Cadieux,http://www.michaelcadieuxart.com
Artist Joan Brown,http://JoanLBrown.com
Artist Judy Bradley,http://jbradley.fineartstudioonline.com
Artist Diane Bruns,http://www.dianebrunsfineart.com
Artist Jen Bulay,http://www.jenbulay.com
Artist Medy Bozkurtian,http://www.medystudio.com
Artist Marsha Carter Davis,http://www.marshacarterdavis.com
Artist Baxter Boyington,http://www.baxterboyington.com
Artist Jane Bollman,http://www.janebollman.com
Artist Shawn Cameron,http://www.shawncameron.com
Artist Grace Boothe,http://Graceboothe.com
Artist Jan Bowman,http://artistjanbowman.com/
Artist Michele A Caron,http://www.micheleacaron.com
Artist Susan Cassens,http://susancassens.com/
Artist Jean Canavan,http://jeanmcanavan.com
Artist Anne Carpenter Fitzpatrick,http://www.carpenter-photography.com
Artist Frances Carson,http://www.franceshcarson.com
Artist kathy blankenheim,http://kblankenheim.fineartstudioonline.com
Artist Karen Blackwood,http://KarenBlackwoodFineArt.com
Artist Gary Bradley,http://www.gbradleystudios.com
Artist Rick Castanho,http://www.rickcastanho.com
Artist Pat Burns,http://pburns.fineartstudioonline.com
Artist Missy Borden,http://www.missyborden.com
Artist Tom Blood,http://www.bloodlinesart.com
Artist Connie Burkhardt,http://www.connieburkhardt.com
Artist Judy Butler,http://www.judybutlerart.com
Artist mike brouse,http://mikebrouse.com/
Artist John Buxton,http://www.buxtonart.com
Artist renne brock,http://www.rennebrock.com
Artist Margaret Blanchfield,http://www.margaretsarantis.com
Artist Anne Bridge,http://www.annebridge.com
Artist Lizz Card,http://www.lizzcard.com
Artist Dana Bullock,http://www.danabullock.com
Artist FineArtStudioOnline Blog,http://www.faso.com
Artist Susan Brooke,http://www.susanbrookefineart.com
Artist Michael Bowes,http://michaelbowesfineart.com/
Artist Tina Bohlman,http://www.tinabohlman.com
Artist Barbara Boswell,http://www.barbaraboswell.com
Artist Kichael Bonofiglio,http://www.kichaelbonofiglio.com
Artist Miriam Brock,http://www.miriambrockartist.com
Artist Dan Bodelson,http://www.danbodelson.com
Artist Marian Burns,http://MarianBurnsArt.com
Artist Dee Burdick,http://www.deesmartburdick.com
Artist Sue Catchings,http://www.suecatchings.net
Artist Sheila Borne-Bundy,http://sheilabornebundy.fineartsstudioonline.com/
Artist J.M. Brodrick,http://JMBrodrick.faso.com
Artist Vee Browne-Yellowhair,http://www.veebrowne-yellowhair.com
Artist BB Byrnes,http://www.dancingaroundthebubblegumtree.com
Artist  Can To Canvas,http://can2canvas.fineartstudioonline.com
Artist Beth Bourland,http://www.bethbourland.com
Artist Sally Brown,http://www.sallybrownart.com
Artist Marilyn Bower,http://www.marilynbower.com
Artist Janet R. Broome,http://fineartstudioonline.com/janetrbroome
Artist Robin Capecci,http://www.studiodicapecci.com
Artist Gilles Boudreault,http://gillesboudreault.fineartstudioonline.com
Artist Thomas Bullard,http://www.thomasbullardfineart.com
Artist Jose Carrilho,http://josecarrilhofineart.com
Artist Brian Blount,http://www.brianblount.com
Artist Daniel Bondroff,http://www.danbondroff.com
Artist Kim Brecklein,http://www.kimbrecklein.com
Artist Brad Brisbine,http://www.bradbrisbine.com
Artist Shannon Cain,http://www.shannoncainart.com
Artist Brenda Cablayan,http://www.brendacablayan.com
Artist Fred Carrow,http://www.fredcarrow.com
Artist Valerie Blauvelt,http://www.artbyvalerieblauvelt.com
Artist Neil Carroll,http://www.neilcarroll.com
Artist DIANE BRAHM,http://www.dianebrahm.com
Artist Virginia Castro,http://www.virginiacastroart.com
Artist Juanita Bruins,http://www.juanitabruins.com
Artist Andrea Bojrab,http://www.andreabojrab.com
Artist Karen Button,http://www.karenbuttonarts.com
Artist June Cade,http://www.junecade.com
Artist J Stein Carroll,http://www.jsteincarroll.com
Artist Carl Capps,http://cecapps.fineartstudioonline.com
Artist Audrey Carroll Prucnal,http://www.audreycarrollprucnal.com
Artist Tammy Callens,http://TammyCallens.com
Artist Jim Booth,http://www.herbbooth.com
Artist Peggy Milburn Brown,http://www.peggymilburnbrown.com
Artist Christine Breitnauer,http://www.christinebreitnauerfineart.com
Artist Adeana Carlyle,http://www.adeanacarlyle.com
Artist Michael Calles,http://wildlifeartist.fineartstudioonline.com
Artist Lori Call,http://loricall.com
Artist Joel Bowers,http://www.risingrimsarts.com
Artist brian busch,http://brianbuschstudio.com/
Artist Rene Boast,http://www.reneboast.com/my_wordpress/
Artist Marie-Therese Brown,http://www.marie-theresebrown.com
Artist Jane Bradley,http://www.janebradleyart.com
Artist Sally Brandenburg,http://sallysart.com
Artist Debby Brienen,http://www.debbybrienen.com
Artist Geralin Castellano,http://www.geralincastellano.com
Artist Les Boeder,http://www.lesboeder.com
Artist Donna Bland,http://www.donnabland.com
Artist Cynthia Brewster,http://www.cynthiabrewster.com
Artist Michele Bottaro,http://www.michelebottaro.com
Artist John Bunker,http://www.johnbunkerartist.com
Artist Laurie Schirmer Carpenter,http://www.laurieschirmercarpenter.com
Artist laura cavanaugh,http://www.ljcavanaugh.com
Artist Kathleen Casey,http://www.kathleencaseyart.com
Artist Anthony Butera,http://www.abutera.com
Artist Della Burgus,http://www.dellaburgus.com
Artist Chad Boyd,http://www.chadboyd.com
Artist Nancy Brace,http://nancybrace.com/
Artist Donna Caselden,http://www.donnacaselden.com
Artist Dina Brewington,http://www.dinabrewington.com
Artist Angela Campbell,http://www.angelacampbellart.com
Artist Karl Bostwick,http://www.karlsart.com
Artist John and Hortense Bullock,http://bullockfinearts.com
Artist Michael Blessing,http://www.michaelblessingart.com
Artist Sabrina M. Bland,http://www.SabrinaMBland.com
Artist Marina Borovok,http://www.artlabonline.com
Artist Peggy Braeutigam,http://www.peggybraeutigam.com
Artist Barbara Blair,http://BarbaraBlairArt.com
Artist Leo Bliok,http://www.leothelion27.com
Artist Amy Bolt,http://amybolt.com/
Artist Heather Boyle,http://www.heatherboyle.ca
Artist Jessica R. Byrne,http://www.byrnestudio.com
Artist Barbara Carr,http://www.barbaracarrfineart.com
Artist Laurie Cartwright,http://www.susitnariverstudio.com
Artist Erika Carullo,http://www.erikacarullo.com
Artist Kay Cassill,http://www.kaycassill.com
Artist Sally Cataldo,http://scataldo.fineartstudioonline.com
Artist Karla Brady,http://www.karlabrady.com
Artist Arlene Braithwaite,http://arlenebraithwaite.fineartstudioonline.com
Artist Craig Carlson,http://www.craigacarlson.com
Artist Larry Cannon,http://cannonwc.fineartstudioonline.com
Artist Sharleen Boaden,http://sharleenboaden.com
Artist Gerri Calpin,http://www.gerricalpin.com
Artist Hannah Cole Buie,http://hcbuie.fineartstudioonline.com
Artist Lisa Boardwine,http://www.lisabboardwine.com
Artist Diane Buffington,http://www.dianebuffingtonfineart.com
Artist Casey Brown,http://www.caseybrowndrawings.com
Artist marcella bourassa,http://marcellab.fineartstudioonline.com
Artist Brenda Boylan,http://brendaboylan.com/
Artist Des Butschke,http://www.deshadley.com
Artist Lynn Boots,http://www.lynnbootsart.com
Artist Don Buelter,http://www.donbuelter.com
Artist Tatyana Bledsoe,http://tbledsoe.fineartstudioonline.com
Artist Amy Brackenbury,http://www.amybrackenbury.com
Artist Darin Black,http://dblack.fineartstudioonline.com
Artist  Brennessel,http://www.brennesselfineart.com
Artist Charley Causey,http://www.causeyfineart.com
Artist Deitra Blackwell,http://www.deitrablackwell.com
Artist Ed S Brickler,http://www.edsbrickler-artist.com
Artist William Bolton,http://www.ravendancercreations.com
Artist Laura Buss,http://bussfineart.com
Artist Lorraine Catania,http://www.lorrainecatania.com
Artist Cheryl Capps Roach,http://www.ccroachart.com
Artist Michael Cardosa,http://www.mcardosa.com
Artist Julie Anne Blake,http://JULIEANNEBLAKE.COM
Artist Curtis Lee Butler,http://cbutler.fineartstudioonline.com
Artist Karen Carey,http://www.karencareypaintings.com
Artist Mary Bryson,http://www.marybrysonart.com
Artist Hugh Campbell,http://www.hughcampbellwesternart.com
Artist Jill Carver,http://www.jillcarver.com
Artist Susan Cooper,http://www.susandillcooper.com
Artist Shane Dimmick,http://shanedimmick.com
Artist joseph crocifisso,http://jcrocifisso.com
Artist Samuel Cremona,http://www.samuelcremona.com
Artist Tony Crocetto,http://tcrocetto.fineartstudioonline.com
Artist Oksana Demchenko,http://oksanad.com
Artist Laura Chappell,http://www.laurachappellfinearts.com
Artist Kerry Didday,http://www.kerrydidday.com
Artist jeanne claesson,http://www.jeanneclaessonart.com
Artist Marie-Paule Coster,http://www.marie-pauledendoovencoster.com
Artist Bobbi Dunlop,http://www.bobbidunlop.com
Artist James Coe,http://jamescoe.com
Artist Christine Collier-Trevino,http://christrevino.fineartstudioonline.com
Artist Rod Cusic,http://www.rodcusic.com
Artist Cheri Dennett,http://www.cherijdennett.com
Artist Laurel Daniel,http://www.laureldaniel.com
Artist Karen Ducker,http://www.karenducker.com
Artist Diane Dunn,http://www.dianebdunn.com
Artist Ray Chavez,http://www.raychavez.net
Artist Heather Craft,http://www.heathercraftfineart.com
Artist Crystal Cook,http://www.crystalcookart.com
Artist Lorraine Duncan,http://www.lorraineduncanfineart.com
Artist Frankie De Melo,http://www.frankiedemelo.com
Artist Jason Clark,http://www.flickr.com/photos/27444740@N04/show/
Artist ED COPLEY,http://www.edcopleyfineart.com
Artist Susan DAlessio,http://susandalessio.com
Artist Kate Dardine,http://katedardine.com/
Artist David Cheifetz,http://davidcheifetz.com/
Artist Kathleen Christman,http://www.kathleenchristman.com
Artist Lisa Dillmann,http://www.lisadillmann.com
Artist Mardi deVeuveAlexis,http://www.mardisart.com
Artist D A Dintzner,http://www.kokospiritart.com
Artist Brock Denis,http://www.brockdenis.com
Artist Jackie Cunningham,http://jcunninghamartist.com
Artist Allison Chambers,http://www.allisonchambersart.com
Artist Marita Cheney,http://Maritacheney.com
Artist Jeannie Derryberry,http://www.jderryberry.com
Artist Bart Dluhy,http://www.bartdluhy.com
Artist Dipali Deshpande,http://www.dipalideshpande.com
Artist Andrea Colby,http://www.andreacolbyfineart.com
Artist John Deckert,http://www.johnd.com
Artist Valeria Chambers,http://valeriachambers.fineartstudioonline.com
Artist Dianna Cates Dunn,http://diannacatesdunn.com/
Artist Lynn DeJong,http://www.lynndejong.com
Artist Cris Chapin,http://www.cchapin.com
Artist Reena Datta,http://www.dropletsofpaint.com
Artist annie compton,http://www.anniecompton.com
Artist Kit Dailey,http://www.kitdailey.com
Artist KCatia Creole Art,http://www.kcatiacreoleart.com
Artist Anthony Davis,http://AnthonysGallery.com
Artist Jennifer Diehl,http://jenniferdiehl.com
Artist Anne Colavita,http://www.annecolavita.com
Artist Marla Coleman,http://marlacoleman.fineartstudioonline.com
Artist Gary Delancey,http://www.delanceysfineart.com
Artist Cristina Dalla Valentina,http://cristinadallavalentina.com
Artist Marianna Defer-Pfeifer,http://www.mariannadefer-pfeifer.com
Artist Ed Crouse,http://www.edcrouse.com
Artist Lance Crumley,http://www.lancesfineart.com
Artist Terry Crook,http://tacrook.fineartstudioonline.com
Artist Bruno Civitico,http://www.brunocivitico.com
Artist Susan Ciufo,http://susanciufofineart.fineartstudioonline.com
Artist Cynthia Dirtzu,http://www.cynthiadirtzu.com
Artist Marcia Cone,http://www.marciaconeart.com
Artist WJ Cunningham,http://wjcunningham.com/
Artist Susanna DalPonte,http://www.sdalponte.com
Artist Warren Chang,http://warrenchang.com/
Artist Mary Jane Q Cross,http://www.maryjaneqcross.com
Artist Janet Cunningham,http://www.jancunninghamfineart.com
Artist Dara Daniel,http://www.darasfineart.com
Artist laurie chase,http://www.lauriechase.com
Artist Velna Clarke Arnault,http://vclarkearnault.fineartstudioonline.com
Artist Tobi Clement,http://Tobiclementartist.com
Artist Kimberly Deater,http://www.kimberlydeater.com
Artist Arul pappu Devaraj,http://adevaraj.fineartstudioonline.com
Artist Julie Clay,http://www.julieclaystudios.com
Artist Barbara Chappelle,http://www.barbarachappelle.com
Artist Douglas Dirkson,http://www.douglasdirksonfineart.com
Artist Mary Detwiler,http://www.dogsinpastel.com
Artist Roger Chabot,http://rchabot.fineartstudioonline.com
Artist Debbie Dubac,http://www.dubac.net
Artist Dianne Duggan,http://www.dianneduggan.com
Artist Cecilia Colton,http://www.ceciliacolton.com
Artist Earl Davis,http://www.earldavisfineart.com
Artist Patricia Duncan,http://www.patriciaduncanart.com
Artist Rene Collins,http://www.renecollins.ca
Artist Tony DAmico,http://www.tonydamicofineart.com
Artist Dorota Connellan,http://www.dorotaconnellan.com
Artist Lucius de Angelo,http://luciusdeangelo.com/
Artist Eileen Corse,http://www.eileencorse.com
Artist Tim Clayton,http://www.timclaytonart.com
Artist Joyce Delario,http://www.joycedelario.com
Artist Becky Denmark,http://beckydenmark.fineartstudioonline.com
Artist Nancy Combs,http://www.nancycombsartist.com
Artist Betty Cummings,http://www.bettycummings.com
Artist Robert A. Crum,http://www.robertcrummosaics.com
Artist Kathleen Daughan,http://www.kathleendaughan.com
Artist Derek Davis,http://derekdavisstudio.com/
Artist Phil Couture,http://philcouture.com
Artist Marlo Crocifisso,http://www.marlocrocifisso.com
Artist Mary Beth Cornelius,http://www.marybethcornelius.com
Artist Manila Clough,http://manilaclough.com
Artist Peter Dellolio,http://www.peterdellolio.com
Artist Kathleen Denis,http://www.kathleendenis.com
Artist George Chase,http://georgechase.fineartstudioonline.com
Artist Dora Cooper,http://www.doracooper.ca
Artist Lynn Dunbar,http://www.Dunbar-art.com
Artist Barbara DeUgarte,http://www.barbaradeugarte.com
Artist Carrie Dawn,http://carriedawn.fineartstudioonline.com
Artist William Davis,http://wrdfa.com
Artist Karen Chamblin,http://karenchamblin.com
Artist Toni Danchik,http://tonidanchik.com
Artist Trenna Daniells,http://trennadaniells.com/
Artist Rita DiCaprio,http://www.ritadicaprio.com
Artist LeaAnn Cogswell,http://leaanncogswell.com/
Artist Zlatina Cholakova,http://www.avolifa.com
Artist Dot Courson,http://www.dotcourson.com
Artist GLORIA CHADWICK,http://8horsefly.fineartstudioonline.com
Artist Jenifer Cline,http://www.jenifercline.com
Artist Diane DePaola,http://www.dianealdidepaola.com
Artist Kevin  Crowley,http://www.mythinkworks.com
Artist Mary Cornish,http://www.marycornish.com
Artist Frank Crowley,http://www.frankcrowley.net
Artist Sally Delap-John,http://www.sallydelap-john.com
Artist Sylvia Cooley,http://sylviacooley.com/
Artist Mary Datum,http://https://marydatumfineart.com/
Artist Jeanne de Campos-Rousseau,http://www.jdecdesigns.com
Artist Jane Digby,http://www.janedigby.com
Artist Peter Diemond,http://peterdiemond.fineartstudioonline.com
Artist Kris Davis,http://krisdavis.fineartstudioonline.com
Artist Annelies Dykgraaf,http://www.anneliesdykgraaf.com
Artist Shelley Cost,http://shelleycost.fineartstudioonline.com
Artist Mihael A. G. de la Montagnes,http://www.fyrepyrestudios.com
Artist Betsy Duzan,http://www.betsyduzan.com
Artist Russ Cox,http://rcox.fineartstudioonline.com
Artist Matthew J Cutter,http://matthewjcutter.com
Artist debra davies,http://www.daviesstudio.com
Artist Alla Dickson,http://www.alladicksonfineart.com
Artist Suma CM,http://www.artbysuma.com
Artist Janet Dirksen,http://janetdirksen.fineartstudioonline.com/
Artist Claire Christinel,http://www.clairechristinelfineart.com
Artist Gaynor Cooke Nelson,http://www.gaynorcookenelson.com
Artist Rosalie Cuticchia,http://www.rosaliecuticchia.com
Artist Meath Conlan,http://mconlan.fineartstudioonline.com
Artist meribeth coyne,http://www.meribethcoyne.com
Artist Barb Clark,http://www.bacpastels.com
Artist Gualberto Del Toro,http://www.gualbertodeltoro.com
Artist Marcie Cohen,http://www.marciecohen.com
Artist Nancy DuBro,http://www.nancydubro.com
Artist Tina Duncan,http://tinauduncan.com
Artist Marianne Dunn,http://www.mariannedunn.com
Artist Linda Costa,http://www.lindacosta.net
Artist christopher dixon,http://www.jtdixonart.com
Artist Laura den Hertog,http://lauradenhertog.com/
Artist Jeremy Duncan,http://www.duncanfineart.com
Artist Tina Chong,http://www.tinachongfineart.com
Artist Barbara Childs,http://bkirbychilds.fineartstudioonline.com
Artist Linda Constant Robinson,http://www.lindaconstantrobinson.com
Artist Kathleen Coy,http://www.kathleencoy.com
Artist Ken Clark,http://www.kenclarkfineart.com
Artist Joel Coplin,http://www.joelcoplinfineart.com
Artist Cheryl Curran,http://cherylacurran.com
Artist Dorie Cook,http://www.doriecook.com
Artist Madina Croce,http://www.madinacroce.com
Artist Rebecca Dierickx,http://RebeccaDierickx.com
Artist Lori Cross-Reynolds,http://www.loricrossreynolds.com
Artist Pamela Conrad,http://www.pamconradfineart.com
Artist anne cherubim,http://www.cherubim-arts.com
Artist Anthony Creech,http://Anthony Creech Fine Art
Artist The Design Core,http://thedesigncore.fineartstudioonline.com
Artist Kathleen Dello Stritto,http://www.kathleendellostritto.com
Artist Corinne Danzl,http://inkgoeswild.com/
Artist adria Di maria,http://www.adriadimaria.com
Artist Norman Crump,http://www.normancrumpgallery.com
Artist Carolyn Colsant,http://www.carolyncolsant.com/
Artist Leslie Cottrell Simonds,http://www.lesliecottrellsimonds.com
Artist Susan Coons,http://www.susancoonsart.com
Artist Pamela Diegel,http://www.pameladiegelfineart.com
Artist Cindy Cradler,http://www.cindycradler.com
Artist Leanne Clayton,http://www.leanneclayton.com
Artist Cindy Crimmin,http://ccrimmin.fineartstudioonline.com
Artist Connie Collum,http://www.conniecollumart.com
Artist Mindy Z. Colton,http://www.mindycolton.com
Artist Sylvia Chase,http://www.sylviachasefineart.com
Artist Noel Darvie,http://www.noeldarvie.com
Artist Jay David,http://jaydavidart.com/
Artist Kathy Chin,http://www.kathychinphotoartistry.com
Artist Ann Crostic,http://www.anncrostic.com
Artist Christin Coy,http://www.christincoy.com
Artist Jeanne Clohisy,http://www.jeanneclohisyfineart.com
Artist Eunice Chan,http://www.eunicechanfineart.com
Artist katherine Coakley,http://www.sunsetrockart.com
Artist Jinx Constine,http://JInxConstineArt.com
Artist Judy Crane,http://www.judycrane.com
Artist Suma Dambal,http://www.abstractartdirect.com
Artist Edward Cooper,http://www.edcooperstudio.com
Artist  de Spot School of Art,http://www.despotschoolofart.com
Artist Brenda Coldwell,http://www.brendacoldwell.com
Artist Kim Coulter,http://www.kimcoulterart.com
Artist Kimberly Conrad,http://kimberlyconradfineart.com
Artist Terry Crump,http://www.terrycrump.com
Artist Debra Joyce Dawson,http://www.debrajoycedawson.com
Artist Phyllis Cullen,http://www.phylliscullenartstudio.com
Artist June Davis,http://www.junedavisfineart.com
Artist Jerral Derryberry,http://www.jerralderryberry.com
Artist Catherine Coombs,http://www.catherinecoombsart.com
Artist Carmel Clare,http://www.carmelclare.com
Artist ILDIKO CSANYI,http://www.ildikocsanyi.com
Artist michele dinan,http://www.micheledinan.com
Artist Rob Cuff,http://www.robcuff.com
Artist Sandra Cherry Jones,http://www.sandracherryjones.com
Artist Linda DeRosa,http://www.abstractartmaker.com
Artist Cheri Christensen,http://www.cherichristensen.com
Artist Gretchen Cocuzza,http://www.gretchen-cocuzza.com
Artist Mark Collins,http://www.markcollinsfineart.com
Artist Ed Defensor,http://www.edddefensor.com
Artist Veronica Clark,http://www.veronicabclark.com
Artist Linda Dellandre,http://www.lindadellandre.com
Artist Linda Davidson,http://www.lindadavidsonfineart.com
Artist CM Cooper,http://cmcooper.fineartstudioonline.com
Artist KATHLEEN CHENET,http://www.kathleenchenet.com
Artist Monika Christensen,http://www.monikachristensen.com
Artist Silke Cliatt,http://www.silkecliatt.com
Artist Larry DeGraff,http://larrydegraff.com
Artist Denise Delaney,http://www.denisedelaney.com
Artist Laura Crabtree Hollenbeck,http://www.lauracrabtreehollenbeck.com
Artist Paul Daneker,http://www.prdaneker.com
"Artist Patti Christensen-Woodard, SPS, PSWC",http://www.pattiwoodard.com
Artist Kittie Deemer,http://www.kdeemer.com
Artist Louise DeMore,http://www.louisedemore.com
Artist Gerry DeWitt,http://www.gerrydewitt.com
Artist Lorri L Davis,http://lorrildavis.com
Artist Monica Dahl,http://www.monicadahlfineart.com
Artist J Dunster,http://jrdunster.com
Artist Danica Ciesielczyk,http://danicaciesielczyk.fineartstudioonline.com
Artist Jerry Dame,http://JERRYDAME.COM
Artist Ester Deen,http://www.esterdeenartist.com
Artist Mary Ann Cope,http://maryanncope.com
Artist Patricia Chantry Keas,http://www.patriciachantryart.com
Artist Melinda Collins,http://www.melindamillercollins.com
Artist RitaMaria Contreras,http://https://ritamariacontreras.com
Artist Jean Davidson,http://www.artbyjeandavidson.com
Artist Donna Chester,http://www.donnachester.com
Artist Valerie Coe,http://www.valeriecoe.com
Artist Dennis E. Conner,http://www.denniseconnerbronzes.com
Artist Karon Davis,http://www.karondavis.com
Artist Eddy Davis,http://www.eddydavisart.com
Artist Lynn Dickey,http://www.lynndickeyfineartist.com
Artist Ashley DuBose,http://ashleyduboseart.fineartstudioonline.com
Artist James Danis,http://www.jamesdanis.com
Artist Angalee DeForest,http://www.deforestfineart.com
Artist Shaunna Duffy Smith,http://www.duffysmith.com
Artist Katherine Heister,http://www.katherineheister.com
Artist Gaile Snow Gibbs,http://www.gailesnowgibbs.com
Artist Rosemary Gibson Carter,http://rgibsoncarter.fineartstudioonline.com
Artist Carol fortunato,http://www.fortunatostudio.com
Artist Rosella Farmer,http://www.rosellafarmerart.com
Artist Andrea Gabel,http://www.andreagabelart.com
Artist PATRICIA FRANCO,http://www.patriciafrancofineart.com
Artist Cathy Gran,http://www.CathyGranArtist.com
Artist Cary Hansen,http://www.caryhansenart.com
Artist nina hauser,http://www.ninaehauser.com
Artist Kwame Faruq,http://www.skyway-design.com
Artist Joachim Fuchs,http://www.joachimfuchsartist.com
Artist Bud Finley,http://www.budfinley.com
Artist Guy Giersch,http://www.guygiersch.com
Artist Laurie Geada,http://lgeada.fineartstudioonline.com
Artist Michael Evans,http://www.michaelaevans.com
Artist Diane Frossard,http://www.dianefrossard.com
Artist Kaye Franklin,http://www.kfranklinstudio.com
Artist Melanie Frey,http://melaniefreyart.com/
Artist Jan Feyzi,http://jmfeyzi.fineartstudioonline.com
Artist Marion Fuchs,http://www.marionfuchs.com
Artist Kathy Gale,http://kathygale.fineartstudioonline.com
Artist Sue Grim-Langert,http://www.gallerialuna.com
Artist Clair Gaston,http://clairg.fineartstudioonline.com
Artist Rose-Marie Goodwin,http://www.rose-marie-paintings.com
Artist Julie Hanes,http://www.juliehanes.com
Artist Renee Fuqua,http://www.reneefuquafineart.com
Artist Nancy Rhodes Harper,http://www.nancyrhodesharper.com
Artist Ivan Gracic,http://igracic72.fineartstudioonline.com
Artist Mark Fehlman,http://www.markfehlman.com
Artist Mark Feuring,http://www.paintmarkcolor.com
Artist Denise Frailey,http://www.denisefrailey.com
Artist Kathy Fediw,http://www.kathyfediw.com
Artist Christy Harangozo,http://www.christyharangozo.com
Artist Kathy Herring,http://kathyherringportraits.com
Artist Peggy Ellis,http://www.peggyellisart.com
Artist Kimberly Fox,http://kimberlyfoxstudios.com/
Artist claire fix,http://www.clairefix.com
Artist Guy Giersch,http://www.guygiersch.com
Artist James V Griffin,http://www.jamesgriffinillustration.com
Artist Ish Gordon,http://www.ishgordon.com
Artist Cathy Haight,http://www.cathyhaight.com
Artist Barbara Grundeman,http://www.barbaragrundemanart.com
Artist Eileen France,http://www.eileenfrance.com
Artist Wanda Greene,http://wandagreenefineart.com
Artist Judy Haller-D'Angelo,http://jhd52.fineartstudioonline.com
Artist Diane Greenberg,http://www.dianegreenbergart.com
Artist Patricia Fabysack,http://www.patriciafabysackart.com
Artist Carol Fensholt,http://www.silver-box-studios.com
Artist Sue Furrow,http://www.suefurrow.com
Artist Joni Falk,http://www.jonifalk.com
Artist Tamara Geddes,http://www.tamarageddes.com
Artist Linda Filgo,http://www.lindafilgoartist.com
Artist Russell Gordon,http://www.gordonartstudio.com
Artist Jonathan Hayes,http://jhayes art.com
Artist Ruth Gorton,http://www.ruthgorton.com
Artist Paul Henderson,http://www.paulhendersonart.com/
Artist Layla Gray,http://www.laylagray.com
Artist Judy Gelfert,http://www.judygelfert.com
Artist Tom Heflin,http://tomheflin.com
Artist susie gregory,http://www.susiegregoryfineart.com
Artist Jackie Gilbert,http://jackiegilbert.fineartstudioonline.com
Artist Janet Harrell,http://www.janetharrell.com
Artist Rumi Gaughan,http://artistrumi.com
Artist Kathy Gale,http://kathygale.fineartstudioonline.com
Artist HJ Gaspard,http://hjgaspard.fineartstudioonline.com
Artist Kat Hansen,http://www.kathansenart.com
Artist Ronald Garnier,http://https://artbygarnier.com
Artist Susan Firestone,http://www.susanfirestone.com
Artist Mary K. Forshagen,http://www.forshagen.com
Artist Nadia Goldstein,http://www.nadialindagoldstein.com
Artist Bonnie Field,http://www.bfieldfineart.com
Artist Emma Hardy,http://emmah.fineartstudioonline.com
Artist Frances Gaffney,http://www.francesgaffney.com
Artist Jack Hermsen,http://www.jackhermsenfineartist.com
Artist John Larry Fertick,http://larryfertick.fineartstudioonline.com
Artist David Flitner,http://www.davidflitner.com
Artist Diane Hathcock,http://dianehathcockpaints.fineartstudioonline.com
Artist David Forks,http://www.davidforks.com
Artist Christy Harangozo,http://www.christyharangozo.com
Artist Chip Herbert,http://www.chipherbert.com
Artist Jerzey Fischer,http://www.jerzeyfischer.com
Artist Kathy Hale,http://www.kathyhalefineart.com
Artist Bill Fletcher,http://billfletcherstudio.com
Artist Martha Faires,http://www.marthafaires.com
Artist Rachel Frost,http://www.rachelfrostartist.com
Artist Mary Ellen Goetz,http://megpsyd.fineartstudioonline.com
Artist Jim Evans,http://jime.fineartstudioonline.com
Artist Tracey Ann Finley,http://www.traceyannfinley.com
Artist Graham Findlay,http://graham findlay.fineartstudioonline.com
Artist Debbie Ezell,http://www.debbieezell.com
Artist Debbie Flynn,http://www.debbieflynnfineart.com
Artist Kerri Hedden,http://www.kerrihedden.com
Artist Katherine Heister,http://www.katherineheister.com
Artist Angela Finney,http://www.angelasanimalart.com
Artist Christopher Froese,http://cfroese.faso.com/
Artist R.B. Erickson,http://www.rbericksonfineart.com
Artist Josh Elliott,http://www.joshelliottart.com
Artist Lisa Elizabeth,http://www.lisaelizabeth.net
Artist Karla Ellis,http://www.karlaellis.com
Artist Linda Eichorst,http://lindaeichorst.com
Artist Carolyn Elmsford,http://www.carolynelmsford.com
Artist Katalin Ehling,http://www.katalinehling.com
Artist Nick Eisele,http://www.nickeisele.com
Artist Christine Mayer Elvin,http://www.christinemayerelvin.com
Artist Teresa Elliott,http://teresa-elliott.com
Artist Victoria Ekelund,http://victoriaekelund.com
Artist Diane Elgin,http://www.dianeelginart.com
Artist Barry Eisenach,http://www.barryeisenach.com
Artist David Elsea,http://www.davidpaulelsea.com
Artist Therese Ely,http://www.thereseely.com
Artist Lynda Ellis,http://www.lyndaellis.net
Artist Karen Eisenberg,http://www.kareneisenberg.com
Artist Borencemetery elliscountytx,http://www.borencemeteryelliscountytx.org
Artist Debbie Eggleston,http://www.debbieeggleston.com
Artist Reham Elbasiony,http://relbasiony.fineartstudioonline.com
Artist Kathryn Ellis,http://www.kathrynellisart.com
Artist Nancy Elstad,http://nancyelstad.fineartstudioonline.com
Artist Lois Ehrin,http://loisehrin.fineartstudioonline.com
Artist Deborah Elville,http://www.deborahelvillefineart.com
Artist Kathie Ellis,http://kellis.fineartstudioonline.com
Artist Zachery Elletson,http://elletsonfineart.com/
Artist Marilynne Eichinger,http://www.eichingerfineart.com
Artist Mary Eichelberger,http://www.maryeichelberger.com
Artist Kenna Elizabeth,http://www.kennaelizabeth.com
Artist Deborah Elmquist,http://www.deborahelmquist.com
Artist Lydia Ellis,http://www.lydiaellisart.com
Artist Judy Elias,http://judykelias.com
Artist Jenay Elder,http://www.JenayElder.com
Artist Susan Eisenhauer,http://seisenhauer.fineartstudioonline.com
Artist Michael Enriquez,http://www.michaelenriquez.com
Artist Shari Erickson,http://sharierickson.fineartstudioonline.com
Artist Daun Emas,http://demas.fineartstudioonline.com
Artist Kerry Eriksen,http://www.kerryeriksen.com
Artist Susana Erling,http://www.susanaerling.com
Artist Linda Epstein,http://www.lindamepstein.com
Artist Katherine Erickson,http://www.wildirisgallery.com
Artist R.B. Erickson,http://www.rbericksonfineart.com
Artist Terri Enfield,http://www.terrienfield.com
Artist Lauren Ennist,http://laurenennist.com
Artist Mollie Erkenbrack,http://www.mollieerkenbrack.com
Artist LOIS ENGBERG,http://www.loisengberg.com
Artist Carol Epperson,http://caroleppersonfineart.com
Artist Robert Erickson,http://www.robertericksonart.com
Artist Kim Ensch,http://www.kimensch.com
Artist Kay Eneim,http://www.eneimfineart.com
Artist Gerard Erley,http://gerarderley.com
Artist Jacqueline England,http://www.jacquelineengland.com
Artist Diana Eppler,http://www.dianaeppler.com
Artist Peggy Farrell,http://www.thepottingshedstudio.com
Artist Pernie Fallon,http://www.studioduendegallery.com
Artist Brenda Fanning,http://brendafanning.com
Artist Julie Farrell,http://www.juliefarrellartist.com
Artist Judy Falkoff,http://www.judyfalkoff.com
Artist Nancy Fairchild,http://www.nancyfairchild.com
Artist colette fairman,http://cfairman.fineartstudioonline.com
Artist Team FASO,http://16741.fineartstudioonline.com
Artist Eric Fairclough,http://www.ericfaircloughart.com
Artist Dorothy Fagan,http://dorothyfagan.com
Artist Gayle Faucette Wisbon,http://gaylefaucettewisbon.com
Artist Hauck Family,http://meleahauck.fineartstudioonline.com
Artist Jerry Farmer,http://www.jerryfarmer.com
Artist Rosella Farmer,http://www.rosellafarmerart.com
Artist Elaine Farmer,http://www.whitebirchfineart.com
Artist Renee Faure,http://www.reneefaure.com
Artist Shirley Fachilla,http://sometimesapainting.blogspot.com
Artist Alicia Farris,http://www.afarris.com
Artist mary faustine,http://www.maryfaustinefineart.com
Artist Patrick Faile,http://www.patrickfaile.com
Artist Afsaneh Faridi,http://www.afsaneh-faridi.com
Artist Patricia Fabysack,http://www.patriciafabysackart.com
Artist Katherine Ernst,http://www.katherineernstfineart.com
Artist Debbie Ezell,http://www.debbieezell.com
Artist David Evans,http://www.evansdavid.com
Artist Renee Faure,http://www.reneefaure.com
Artist LOIS ENGBERG,http://www.loisengberg.com
Artist Michael Enriquez,http://www.michaelenriquez.com
Artist R.B. Erickson,http://www.rbericksonfineart.com
Artist Joni Falk,http://www.jonifalk.com
Artist Bob Engel,http://www.bobengelartist.com
Artist Lou Everett,http://www.loueverettart.com
Artist Terri Enfield,http://www.terrienfield.com
Artist Raymond Ewing,http://ray.fineartstudioonline.com
Artist Cheryl Eppolito,http://www.cheryleppolitostudio.com
Artist Brenda S Fanning,http://www.BrendaFanning.com
Artist Janet Esseiva,http://www.janetesseiva.com
Artist Earl Evans,http://www.earlevansphotography.com
Artist Sandy Farley,http://www.farleyfineart.com
Artist Shari Erickson,http://sharierickson.fineartstudioonline.com
Artist Barbara Farren,http://www.barbarafarren.com
Artist Michael Evans,http://www.michaelaevans.com
Artist Team FASO,http://16741.fineartstudioonline.com
Artist Wen Chi Fang,http://wenchifang.fineartstudioonline.com
Artist Zhayra Escobar,http://elevateartgallery.com
Artist Gwendolyn Eyeington,http://gweneyeington.fineartstudioonline.com/
Artist Julie Ethridge,http://www.julieethridge.com
Artist Lauri Eskelson,http://www.laurieskelson.com
Artist Jennifer Everett,http://jeverett.fineartstudioonline.com
Artist Pernie Fallon,http://www.studioduendegallery.com
Artist Jeffrey Fahey,http://www.jefffahey.net
Artist mary faustine,http://www.maryfaustinefineart.com
Artist Mary Lou Epperson,http://www.marylouepperson.com
Artist Trent Eubanks,http://www.trenteubanksfineart.com
Artist Jose Enriquez,http://www.jenriquez.com
Artist MONICA ETZ,http://monicaetz.com
Artist Lee Englund,http://www.leeenglundart.com
Artist Mary Jane Erard,http://Www.artbymjerard.com
Artist Elena Evan,http://www.elenaevanfineart.com
Artist Kim Ensch,http://www.kimensch.com
Artist carlota estevez  gohlike,http://carlota1.fineartstudioonline.com
Artist Joni Emily,http://www.joniemily.com
Artist Judy Falkoff,http://www.judyfalkoff.com
Artist Bryan Fair,http://www.bryantrentfair.com
Artist Topher Essex,http://www.topheressex.com
Artist Patricia Fabysack,http://www.patriciafabysackart.com
Artist Gen Farrell,http://genfarrell.com
Artist Bill Farnsworth,http://www.billfarnsworth.com
Artist Jillie Eves,http://jillieeves.com
Artist Kevin Fahey,http://kevinfahey.fineartstudioonline.com
Artist Annika Farmer,http://www.annikafarmer.com
Artist Yvonne Evans,http://www.yvonnecarolevans.com/
Artist Charles Randall Ewing,http://www.charlesrewing.com
Artist Nancy Everett,http://www.nancyeverettart.com
Artist Dee Fabian Fine Art Gallery,http://www.deefabian.com
Artist Armida Espaillat,http://www.armidaespaillat.com
Artist lani emanuel,http://www.laniemanuel.com
Artist Carol Epperson,http://caroleppersonfineart.com
Artist Katie Fallis,http://www.katiefallisfineart.com
Artist Bridget Ertelt,http://www.bridgetertelt.com
Artist Patrick Faile,http://www.patrickfaile.com
Artist Daun Emas,http://demas.fineartstudioonline.com
Artist Charles Ewing,http://www.charlesewing.com
Artist Sheri Farabaugh,http://sherifarabaugh.com
Artist Lauren Ennist,http://laurenennist.com
Artist John Evans,http://johngregoryevans13.faso.com
Artist Jay Exon,http://www.jayexon.com
Artist Suzanne Ens,http://www.suzensart.com
Artist Jacqueline England,http://www.jacquelineengland.com
Artist Grace Falconer,http://www.gfalconer.com
Artist Alicia Farris,http://www.afarris.com
Artist Katherine Erickson,http://www.wildirisgallery.com
Artist Kerry Ezzo,http://www.kerryezzo.com
Artist Arthur Enrico,http://arthurenrico.com/
Artist Nina Fabunmi,http://www.ninafabunmi.com
Artist Ines Epperson,http://inesepperson.com
Artist Carol Fanning,http://carolfanning.fineartstudioonline.com
Artist Elaine Farmer,http://www.whitebirchfineart.com
Artist Kay Eneim,http://www.eneimfineart.com
Artist Erin Etheridge ,http://erinleed88.fineartstudioonline.com
Artist Sharole K Ewing,http://www.sewingart.net
Artist Topher Essex,http://www.topheressex.com
Artist Katie Fallis,http://www.katiefallisfineart.com
Artist Terry Erickson,http://www.terryerickson.ca
Artist Cornelia Emery,http://www.corneliaemery.com
Artist David Evans,http://www.evansdavid.com
Artist Ani Espriella,http://www.aniespriella.com
Artist Raymond Ewing,http://ray.fineartstudioonline.com
Artist Zhayra Escobar,http://elevateartgallery.com
Artist Francisco Esteban,http://www.franciscoesteban.com
Artist lani emanuel,http://www.laniemanuel.com
Artist Wen Chi Fang,http://wenchifang.fineartstudioonline.com
Artist Daun Emas,http://demas.fineartstudioonline.com
Artist Mary K. Farragher,http://www.beta.gallery
Artist Jeffrey Fahey,http://www.jefffahey.net
